Model,Accuracy,F1_Score,Recall,Precision,Training_Time_Sec
Logistic Regression,0.7733333333333333,0.7733408889728405,0.7664473684210527,0.7818791946308725,0.042574167251586914
K-Nearest-Neighbors,0.655,0.6522989984611115,0.7401315789473685,0.6373937677053825,0.021218061447143555
Random Forest,0.7016666666666667,0.7010749314038314,0.6546052631578947,0.7289377289377289,1.233461856842041
SVM,0.7766666666666666,0.7765872451398768,0.7532894736842105,0.7951388888888888,1.2271389961242676
XGBoost,0.7666666666666667,0.7666355541727781,0.75,0.7808219178082192,0.9801211357116699
CatBoost,0.75,0.7499110953058321,0.7269736842105263,0.7673611111111112,17.069159984588623
