Model,Accuracy,F1_Score,Recall,Precision,Training_Time_Sec
Logistic Regression,0.7833333333333333,0.7832249698990461,0.756578947368421,0.8041958041958042,0.020214080810546875
K-Nearest-Neighbors,0.7266666666666667,0.724444045656262,0.8125,0.6977401129943502,0.025568008422851562
Random Forest,0.8066666666666666,0.8059772983894931,0.743421052631579,0.8560606060606061,1.2458760738372803
SVM,0.8183333333333334,0.8180256369608326,0.7730263157894737,0.8545454545454545,1.106503963470459
XGBoost,0.8133333333333334,0.8130904480699296,0.7730263157894737,0.8453237410071942,0.8674139976501465
CatBoost,0.8066666666666666,0.8065377262015917,0.7763157894736842,0.8309859154929577,19.18515706062317
